	value	unit	system_b
0	0.2802	0.010600000000000054    quantulum3
1	0.06030000000000002	0.0007000000000000339	text-recognizer
2	0.0029000000000000137	0.0		ccg_nlp
3	0.0	0.0		GPT3
