	value	unit	system_b
0	0.41169999999999995	0.17190000000000005	CQE-Numparser
